{"accuracy": [0.6103421449661255, 0.8650686144828796, 0.914631187915802, 0.941973090171814, 0.9567679166793823, 0.965772807598114, 0.9724588990211487, 0.976456344127655, 0.978704035282135, 0.9823884963989258], "loss": [1.3232744932174683, 0.42551833391189575, 0.26383793354034424, 0.17999455332756042, 0.1311759203672409, 0.10391663759946823, 0.08403634279966354, 0.07448741793632507, 0.06308085471391678, 0.057129621505737305], "val_accuracy": [0.8660368919372559, 0.9206692576408386, 0.9276690483093262, 0.9496926665306091, 0.9561802744865417, 0.9479854106903076, 0.9623833298683167, 0.9607329964637756, 0.9681311249732971, 0.9579444527626038], "val_loss": [0.42897769808769226, 0.2516796588897705, 0.22565969824790955, 0.15497128665447235, 0.1334449052810669, 0.16911262273788452, 0.11963451653718948, 0.12707078456878662, 0.11041576415300369, 0.1426091492176056]}